Membership No.,Name of Company(E),Name of Company(C),CE Name(E),CE Name(C),Status
0001,Newstate Stenhouse Ltd,華南保險經紀有限公司,SIU Chi Lam,蕭智霖,"


有效



"
0003,Lambert Brothers Insurance Brokers (Employee Benefits) Limited,華寶(僱員福利)有限公司,WELLSTED Michael John,,"


有效



"
0005,CIS Insurance Brokers Ltd,合作保險顧問有限公司,CHAN Shing Hing Francis,陳成興,"


有效



"
0007,CJM Insurance Brokers Ltd,中華保險顧問有限公司, ,,"


已退會



"
0009,Ed Lee & Co (Insurance Brokers) Limited**,, ,,"


已退會



"
0002,Arboretum Brokers (Hong Kong) Limited,保勵保險經紀有限公司, ,,"


已退會



"
0004,C & A Insurance Brokers Limited,正聯保險顧問有限公司, ,,"


已退會



"
0006,City Brokers Limited,, ,,"


已退會



"
0008,D.A. Jackson Limited,, ,,"


已退會



"
0010,Gain Miles Assurance Consultants Ltd,駿隆專業保險顧問有限公司,SIU Mei Fung,蕭美鳳,"


有效



"
0092,Jardine ShunTak Insurance Brokers Ltd,怡信保險顧問有限公司,YUEN Ying Oi Pamela,袁映愛,"


有效



"
0094,CBH Asia Limited ,瑞金亞洲有限公司,DINGLEY Jon Patrick,,"


有效



"
0096,Manchester Insurance Consultants Ltd,曼徹斯特保險顧問有限公司,LEE Chi Cheong Arthur,李致昌,"


有效



"
0098,East Asia Insurance Brokers Limited,東亞保險經紀有限公司, ,,"


已退會



"
0100,Santei International (HK) Ltd,,IKEJIMA Katsutoshi,池島勝利,"


已退會



"
0093,Matheson PFC Limited,, ,,"


已退會



"
0095,Lockton Companies (Hong Kong) Limited,諾德保險經紀有限公司,YIP Kam Keung Alex,葉錦強,"


有效



"
0097,"Shius Insurance Consultants, Ltd",邵氏保險顧問有限公司, ,,"


被撤銷



"
0099,Central Union Insurance Consultant Co Ltd,中聯保險顧問有限公司,CHENG Yiu Wah,鄭耀華,"


有效



"
0101,Rollins Hudig Hall (Hong Kong) Limited,, ,,"


已退會



"
0102,Chi Wah Insurance Consultants Ltd,志華保險顧問有限公司,KWAN Chak Ming,關澤銘,"


有效



"
0104,Insubest Financial & MPF Planning Ltd,保泰理財及強積金顧問有限公司,LAU Kin Kelvin,劉堅,"


有效



"
0107,Jin & Ho Ltd,, ,,"


已退會



"
0109,Standard Insurance Brokers & Consultants Ltd,準衡保險顧問有限公司,CHIK So Yin,戚素妍,"


有效



"
0111,Taishan Insurance Brokers Ltd,泰山保險顧問有限公司,SHUM Man Kiu Peters,岑文駒,"


有效



"
0103,FP Marine Risks Limited,領航海上保險顧問有限公司,JOHNSON Mark Norman Reginald,,"


有效



"
0105,Alliance Insurance & Reinsurance Brokers Co Limited,聯保保險經紀人有限公司, ,,"


已退會



"
0108,Kingfisher Insurance Brokers Ltd,,Van Ginkel Frank,,"


有效



"
0110,China Resources Insurance Consultants Ltd,華潤保險顧問有限公司,YEUNG Kit,楊洁,"


有效



"
0113,OCBC Wing Hang Insurance Brokers Ltd,華僑永亨保險顧問有限公司,WOO Chi Lai,胡志禮,"


有效



"
0114,The Service Network (Asia) Limited,, ,,"


已退會



"
0116,Globe Insurance Consultants Co Ltd,環宇保險顧問有限公司,WONG Hei,王僖,"


有效



"
0118,Creditrisk Asia Limited,亞洲信政保險顧問有限公司, ,,"


已退會



"
0120,Seiwa Insurance Services Limited,西和保險服務有限公司, ,,"


已退會



"
0122,International Insurance Brokers Limited,,CHOW Wai Man,周偉文,"


有效



"
0115,Marsh & Mclennan Limited,威達信國際保險顧問, ,,"


已退會



"
0117,Cecar Inchcape Asia Limited,世家英之傑亞洲有限公司, ,,"


已退會



"
0119,Pan Nation Insurance Brokers Ltd,遠邦保險顧問有限公司, ,,"


被撤銷



"
0121,Meijiseimei Int'l Hong Kong Ltd,明治生命國際(香港)有限公司,TAKEKUMA Masaki,,"


已退會



"
0123,Tsang & Company Limited,, ,,"


已退會



"
0124,IUA Insurance Brokers Ltd,環宇保險經紀有限公司, ,,"


已退會



"
0126,T.M. Management Ltd,, ,,"


已退會



"
0128,MBA Financial Services Limited,, ,,"


已退會



"
0130,FdN Insurance Brokers Limited,, ,,"


已退會



"
0132,New Horizon Properties International Ltd,, ,,"


被撤銷



"
0125,S K Insurance Brokers Limited,睊釩O險顧問有限公司, ,,"


已退會



"
0127,Squire-Frazer Independent Financial Advisers Limited,, ,,"


被撤銷



"
0129,FdN Co Limited,, ,,"


已退會



"
0131,Portfolio & Investment Management Services Limited,, ,,"


已退會



"
0133,Swire Allied Contingency Insurance Brokers Limited,, ,,"


已退會



"
0134,GRB Central Financial Services Limited,中央財務顧問社, ,,"


已退會



"
0136,Finexco (Hong Kong) Limited,, ,,"


已退會



"
0138,Collingwood Investment Ltd,幹威實業有限公司, ,,"


被撤銷



"
0140,China Risk Management Limited,中國風險管理有限公司, ,,"


已退會



"
0142,W.S. Lau & Associates Limited,劉華森顧問有限公司, ,,"


已退會



"
0135,MLI Limited,萬駿理財顧問有限公司, ,,"


被撤銷



"
0137,Bluewell Hongkong Limited,, ,,"


已退會



"
0139,Richmond Asset Management Ltd,, ,,"


被撤銷


(受限制)



"
0141,Towers Watson Hong Kong Limited,韜睿惠悅香港有限公司,HWANG Ngai Lam,黃毅林,"


有效



"
0143,Sojitz Insurance Brokers (HK) Limited,,SHIMANO Jun,島野潤,"


有效



"
0144,Charles Monat Associates Ltd,,MONAT Charles Steven,,"


有效



"
0146,Barber Asia Ltd,百達環球資產管理有限公司,BARBER Andrew Nicholas,,"


已退會



"
0148,Aon Advisory & Financial Services (Hong Kong) Limited,, ,,"


已退會



"
0150,COSCO SHIPPING (Hong Kong) Insurance Brokers Limited,中遠海運(香港)保險顧問有限公司,IP Oi Kwan,葉愛群,"


有效



"
0152,Pegasus Fund Managers Ltd,東驥基金管理有限公司,PONG Po Lam Paul,龐寶林,"


有效



"
0145,Financial Partners Limited,泛柏資產管理有限公司,KENDE Peter Michael,,"


有效



"
0147,Societe Anonyme D'Intermediaires Luxembourgeois (SAIL),,CHUNG Hou Chu,鍾巧珠,"


已退會



"
0149,C.A. Portfolio Management Limited,正達資產管理有限公司, ,,"


已退會



"
0151,Associated Advisers Ltd,聯毅顧問有限公司,TAO Kwok Lau Clement,杜國鎏,"


有效



"
0153,Beisly & Associates o/b Rivera Investment Limited,, ,,"


已退會



"
0154,St. James's Place (Hong Kong) Limited,,BURNS Ian Robert,,"


有效



"
0156,Asiapac Investment Management Services (Hong Kong) Ltd,,PAICE Adam Robert,,"


被撤銷



"
0158,Meyado CBHK Limited,,IRWIN Alexander,,"


被撤銷



"
0160,Dah Sing Insurance Brokers Ltd,大新保險顧問有限公司,MAK Yung Hoi,麥勇開,"


有效



"
0162,Freeman Financial Planning Limited,, ,,"


被撤銷



"
0155,Bentley Reid & Company Limited,百德利私人財務顧問有限公司,CHIU Hau Chu,趙巧珠,"


有效



"
0157,Berkeley Burke (Financial Planning) Ltd,,DAVIES Steven Paul,,"


已退會



"
0159,Chimaera Financial Group Limited,, ,,"


已退會



"
0161,First Mutual Consultants Limited,富美顧問有限公司, ,,"


已退會



"
0163,Geoffrey Cheng & Co Ltd,宏泰保險顧問有限公司,CHENG Sik Nam,鄭鍚南,"


有效



"
0164,Goswell Insurance Brokers Limited,甘威保險顧問有限公司, ,,"


已退會



"
0166,Malca-Amit Far East Insurance Brokers Ltd,,LAM Kit Yee Louisa,林潔儀,"


已退會



"
0168,Medcalf (HK) Ltd,, ,,"


被撤銷



"
0170,Taifook Wealth Management Group Limited,大福創富理財集團有限公司, ,,"


已退會



"
0172,New World Insurance Services (China) Ltd,新世界保險服務(中國)有限公司, ,,"


已退會



"
0165,International Reinsurance Management Ltd,國際再保管理有限公司,CHAN Chi Kong Patrick,陳志江,"


有效



"
0167,MC Insurance Services Co Ltd,, ,,"


已退會



"
0169,M.G. Geraghty (Insurance Brokers) Ltd,,GERAGHTY Michael Gerald,,"


有效



"
0171,Nova Insurance Consultants Limited,新域保險顧問有限公司,CHAN Chi Kong Patrick,陳志江,"


有效



"
0173,Sedgwick Noble Lowndes Limited,, ,,"


已退會



"
0174,T & H Insurance Service Limited,大東保險顧問有限公司, ,,"


已退會



"
0176,Anson Investment Management o/b Howay International Investment Limited,, ,,"


已退會



"
0178,Transhall Insurance Consultancy Co o/b Tusker Corporation Limited,松亞保險顧問公司, ,,"


已退會



"
0183,L & A  Financial Development Limited,, ,,"


被撤銷



"
0185,Ernest Maude Continental Investments Ltd,,EDEN Andrew Gregory,,"


有效



"
0175,T.I.S. Limited,, ,,"


已退會



"
0177,Towry Law International Limited,, ,,"


已退會



"
0181,Apex Insurance Consultant Limited,琠鱈O險經紀有限公司, ,,"


已退會



"
0184,WellBe International Insurance Brokers Limited,,ISHIDA Naohisa,石田直久,"


有效



"
0186,Nobleman Insurance Brokers Limited,耀信保險顧問有限公司, ,,"


被撤銷



"
0187,NLI International Hong Kong Limited,, ,,"


已退會



"
0189,BSI Brokers Limited,,McCARTHY Stuart Rae,麥家輝,"


有效



"
0191,Aon Consulting Hong Kong Limited,怡安僱員福利顧問有限公司,WU Sek Lun Joseph,胡錫麟,"


已退會



"
0193,Demeter Insurance Services Ltd,,McCARTHY Stuart Rae,麥家輝,"


已退會



"
0195,Johnson & Higgins Consulting (FE) Limited,, ,,"


已退會



"
0188,EMSA Limited,, ,,"


已退會



"
0190,Carrera Consultants Ltd,加來顧問有限公司,MOTWANI Ramesh Narain,,"


有效



"
0192,Essar Insurance Services Limited,恆利保險服務有限公司, ,,"


已退會



"
0194,Professional Investment Consultants Limited,, ,,"


被撤銷



"
0196,Regional Insurance Services (Hong Kong) Limited**,, ,,"


已退會



"
0011,Gennixon Insurance Brokers Ltd,贊力臣保險經紀有限公司,SIU Kwok Tung,蕭國棟,"


有效



"
0013,ACP Insurance Brokers Ltd,機建保險顧問有限公司, ,,"


已退會



"
0015,Aon Benfield China Limited,怡安奔福再保顧問有限公司,LU Qin,陸勤,"


有效



"
0017,CM Houlder Insurance Brokers Limited,招商海達保險顧問有限公司,CHOW Tak Fai Raymond,鄒德輝,"


有效



"
0019,Insuright Employee Benefits Ltd,保宜福利顧問有限公司,LAU Kin Kelvin,劉堅,"


有效



"
0012,Marsh Brokers (Hong Kong) Limited,達信保險顧問(香港)有限公司,YU Lei,于蕾,"


有效



"
0014,Aon Hong Kong Limited,怡安保險顧問有限公司,YOUNG Paul Stephen,,"


有效



"
0016,HKG Insurance Consultants Ltd,香港通用保險顧問有限公司,WONG Chi Sing,王志成,"


有效



"
0018,Inchcape Insurance Brokers (HK) Limited,, ,,"


已退會



"
0020,Insuright Insurance Brokers Ltd,保宜保險經紀有限公司,LEUNG Wai Sum Patrick,梁煒森,"


有效



"
0197,HFS Asset Management Limited,,BOJAN David Robert,,"


有效



"
0199,BLI Insurance Brokers Ltd,英商保險經紀有限公司, ,,"


有效



"
0201,Montpelier Private Clients Limited,, ,,"


被撤銷


(受限制)



"
0203,Incorporated Medical Systems Limited,, ,,"


已退會



"
0205,The Kyoritsu Insurance Brokers (HK) Co. Ltd,共立保險顧問(香港)有限公司,NISHIZAWA Hiroki,,"


有效



"
0198,Worldwide Insurance Services Limited,,LEE Jin Hyung,李真衡,"


有效



"
0200,Telos Capital & Risk Management Limited,,RAPER Trevor Charles,,"


有效



"
0202,Wilson Re Limited,偉信分保有限公司,WONG Sau Leung Derek,王修樑,"


有效



"
0204,J. J. International (Hong Kong) Limited,, ,,"


被撤銷



"
0206,Grosvenor International Holdings Ltd,, ,,"


已退會



"
0207,Taiping Reinsurance Brokers Limited,太平再保險顧問有限公司,HO Chak Sang,何則勝,"


有效



"
0209,CM Financial Development Limited,康美金融發展有限公司, ,,"


已退會



"
0211,"Guy Carpenter & Company, Limited",佳達再保險經紀有限公司,LIAO Xiao Ju,廖小居,"


有效



"
0213,E.W. Blanch (Hong Kong) Limited,, ,,"


已退會



"
0215,Ameruxe Company Limited,, ,,"


已退會



"
0208,Charter Gilman Insurance Brokers Limited,基利民保險顧問有限公司,CHEUNG Wai Fan Queenie,張惠芬,"


已退會



"
0210,UKFP (Asia) HK Limited,, ,,"


已退會



"
0212,MeesPierson Asia (Hong Kong) Limited,, ,,"


已退會



"
0214,China Max Insurance Consultancy Limited,, ,,"


已退會



"
0216,CanRich & Associates Limited,加富(亞洲)有限公司, ,,"


已退會



"
0227,LRW Insurance Consultants Ltd,, ,,"


已退會



"
0229,Bold Dragon Insurance Services Limited,, ,,"


已退會



"
0231,Lihai Insurance Consultants Limited,利海保險顧問有限公司,TSE Sang San,謝生新,"


已退會



"
0233,GHA (Hong Kong) Limited**,, ,,"


已退會



"
0235,Anson Investment Management Ltd,, ,,"


已退會



"
0228,Halsburg Asset Management Limited,豪寶資產管理有限公司,HUI Chiu Kit Eddie,許趙傑,"


已退會



"
0230,Hanover York (Hong Kong) Limited,, ,,"


被撤銷



"
0232,Sedgwick Hung Kai Insurance & Risk Management Consultants Ltd,塞奇維克鴻基保險及風險顧問有限公司, ,,"


已退會



"
0234,Pacific World (Asia) Ltd,太寰 (亞洲)有限公司,SO Wing Keung Ricky,蘇榮強,"


有效



"
0236,Goldwinsurance Broking Ltd,豐業保險顧問有限公司,HUI Goldwin,許振龍,"


有效



"
0237,Capitaline Hill Asset Management Limited,瑞鴻建資有限公司,CHAN Ying Hang,陳應鏗,"


有效



"
0239,Koffman Pioneer Financial Services Limited,高鋒理財服務有限公司, ,,"


被撤銷



"
0241,Mascot Insurance Brokers Limited,瑞祥保險顧問有限公司,SZE Mei Shan,施美珊,"


已退會



"
0243,Noble Apex Advisors Limited,御峰理財有限公司,CHAN Mou Fung,陳茂峰,"


有效



"
0245,GIA Insurance Consultants Ltd,安信保險服務有限公司,WONG Yuen Shi Gigi,黃婉思,"


有效



"
0238,Sparkle Consultants (Hong Kong) Limited,, ,,"


已退會



"
0240,iBest Wealth Management Limited,,WONG Fung Mei,黃鳳媚,"


有效



"
0242,International Life Brokers Limited,,TYNDALE Gavin Norman,,"


被撤銷



"
0244,Pacific World Asset Management Limited,盛世資產管理有限公司, ,,"


被撤銷



"
0246,NNI Insurance Brokers (Hong Kong) Co Limited,, ,,"


被撤銷



"
0247,Personal Investment Management Services Limited,,DEAN Michael Reginald,丁米高,"


已退會



"
0249,Tricapital Portfolio Management Company Limited,, ,,"


被撤銷



"
0251,SSC Mandarin Financial Services Limited,文華新城理財顧問有限公司, ,,"


被撤銷


(受限制)



"
0253,Tai-He Risk Services Ltd,泰和保險顧問有限公司, ,,"


被撤銷



"
0255,Everbest Insurance Advisers Limited,畬鶣O險顧問有限公司,CHOW Kwok Lim,周國廉,"


有效



"
0248,Pacific Hawk (HK) Ltd,元豐有限公司,COOLEY Ann Marlowe,高安華,"


有效



"
0250,Hantec Investment Consultant Limited,亨達投資顧問有限公司, ,,"


已退會



"
0252,Parker Bilham (Far East) Limited,, ,,"


已退會



"
0254,Premier Insurance Brokers Limited,卓安保險顧問有限公司,RATH Bhabani Sankar,,"


有效



"
0256,Sparkle Insurance Brokers Limited,,TEH Boo Yim,鄭武欽,"


有效



"
0257,Falcon Financial International Ltd,,CROUTH David Davison,,"


已退會



"
0259,Pan Nation Life Insurance Consultants Limited,遠邦壽險顧問有限公司, ,,"


已退會



"
0261,Private Capital Ltd,,ADKINSON Ricky James,,"


有效



"
0263,HWL International Holdings Ltd,裕銘環球集團有限公司,WONG Lai Yin,黃麗燕,"


有效



"
0265,Pioneer Assets Consultants Limited,先鋒資產顧問有限公司,WONG Pui Yee,黃珮儀,"


有效



"
0258,Capital Management Group Limited,,WILTSHIRE David Ernest,,"


已退會



"
0260,International Financial Services O/B Primebay Ltd,, ,,"


已退會



"
0262,Perfect Asset Management Limited,霸域資產管理有限公司,TSE King,謝璟,"


有效



"
0264,Bear Bright Limited,曜熊有限公司,WANG Hsiao Lan Ada,王小蘭,"


有效



"
0266,Alexander Forbes Risk & Reinsurance Solutions Limited,安博風險及再保策略有限公司,SHE Shing Hon Andrew,佘盛漢,"


已退會



"
0267,Gladstone Morgan Limited,,ZAVAGNO Dino,,"


有效



"
0269,MacKinsey Financial Management Limited,默建事財務管理有限公司, ,,"


已退會



"
0271,iFAST Insurance Brokers (HK) Limited,奕豐保險經紀(香港)有限公司,LAM Yu Wah,林汝華,"


有效



"
0273,Keystar Ltd,,RICKETT Nicholas Grant,,"


已退會



"
0275,Standard Fairhouse International Limited,標準富雅國際有限公司, ,,"


已退會



"
0268,MBA Berkeley Burke Financial Services Limited,,FRENCH David Bryan,,"


已退會



"
0270,Amax Financial Consultants Limited,盈豐理財策略有限公司,PANG Oi Wah Judy,彭愛華,"


已退會



"
0272,Gain Miles MPF Consultants Ltd,駿隆強積金顧問有限公司,SIU Mei Fung,蕭美鳳,"


有效



"
0274,Eastern Dragon Asset Management Limited,盈泰資產管理有限公司, ,,"


已退會



"
0276,Global Alliance International Financial Planning Limited,申寶國際匯駿理財有限公司, ,,"


已退會



"
0277,Chang An Consultants Limited,長安海事顧問有限公司,LIU Andrew Fu Kang,劉福康,"


有效



"
0279,Patterson Financial Group Ltd,柏斯理財集團有限公司, ,,"


已退會



"
0281,StrategiCap Limited,, ,,"


已退會



"
0283,Aisna Consultants Ltd,安迅顧問有限公司,CHOY Che Chung David,蔡志忠,"


已退會



"
0285,Jimei Wealth Management Limited,集美財富管理有限公司, ,,"


被暫停



"
0278,Rubicon Financial Services (Pacific) Limited,利百勤財經策劃(太平洋)有限公司, ,,"


被撤銷



"
0280,Get Nice Asset Management Ltd,結好資產管理有限公司, ,,"


已退會



"
0282,Asian Mondial Accumulation Corportation Financial Services Limited,, ,,"


已退會



"
0284,Eastern Financial Services (Hong Kong) Limited,盈泰金融服務(香港)有限公司, ,,"


已退會



"
0286,ACT Plans Ltd,, ,,"


已退會



"
0317,Y and Y Insurance Brokers Limited,寶多利顧問有限公司,YEN Peter Pak Van,嚴伯範,"


有效



"
0319,Horizon MGA Limited,豪昇金融管理人有限公司, ,,"


被撤銷



"
0321,A. Yu & Associates Risk Solutions Limited,弘圖保險顧問有限公司,YU Fook Tong,余福棠,"


有效



"
0323,Bartlett Asia Limited,貝利亞洲有限公司,SO Wing Keung Ricky,蘇榮強,"


有效



"
0325,Strategic Financial Services (HK) Limited,恆富策略理財(香港)有限公司, ,,"


已退會



"
0318,OFS Asia (Hong Kong) Limited,,GREEN Frank Norman,,"


已退會



"
0320,Sun Hung Kai Wealth Management Limited,新鴻基優越理財有限公司,NG Yuk Ip Ada,吳玉葉,"


有效



"
0322,Asia Financial Services Limited,亞洲理財有限公司,MO Kam Chung,毛錦松,"


已退會



"
0324,Haakon Limited,,YAN Kit Man Nerissa,殷潔雯,"


已退會



"
0326,World Capital Finance Limited,潤發財務有限公司, ,,"


被撤銷



"
0327,Absolute Consulting Financial Ltd,, ,,"


已退會



"
0329,Sparkle-Hall Portfolio Managers Limited,博浩資產組合管理有限公司, ,,"


被撤銷



"
0331,Chesterman Limited,, ,,"


已退會



"
0333,Arthur J. Gallagher Asia Limited,, ,,"


已退會



"
0335,The Philippa Huckle Group Ltd,,HUCKLE Philippa Jane,,"


有效



"
0328,Karl Thomson Investment Consultants Limited,高信投資顧問有限公司,WONG Mei Wah,黃美華,"


有效



"
0330,Global Investment Advisors Limited,寰宇投資顧問有限公司,YIP Chi Shing,葉志成,"


有效



"
0332,Richland Worldwide Limited,富信(環球)集團有限公司,LO May Ting Eva,羅美婷,"


有效



"
0334,Global Cosmos Consultants Limited,智越顧問有限公司,YEUNG Wing,楊榮,"


有效



"
0336,L I Far East Limited,, ,,"


已退會



"
0378,MHK Insurance Services Limited,萬信保險顧問(香港)有限公司,LIN Jiamin,林嘉敏,"


有效



"
0380,Essential Finance Limited,, ,,"


被撤銷



"
0382,Midland Financial Planning Limited,美聯財務策劃有限公司,LEUNG Pak Kei,梁柏基,"


有效



"
0384,Global Wealth Services Limited,寰宇財富管理服務有限公司,YIP Chi Shing,葉志成,"


有效



"
0386,Delta Asia Credit Limited,匯業信貸有限公司, ,,"


已退會



"
0379,PFC International Company Limited,,TAI Pak Kin,戴伯乾,"


有效



"
0381,Father Financial Planning Services Limited,智集團理財有限公司,CHENG Kar Choi Ronald,鄭嘉財,"


有效



"
0383,Kent Success Limited,立勤有限公司, ,,"


被撤銷



"
0385,Guangrich Prime Consulting Limited,廣裕尊尚顧問有限公司, ,,"


被撤銷



"
0387,AMTD Risk Solutions Group Limited,尚乘風險管理有限公司,KU Shun Kit,辜信傑,"


有效



"
0031,Marsh (Hong Kong) Limited,達信風險管理及保險服務 (香港)有限公司,YU Lei,于蕾,"


有效



"
0033,Storfield Insurance Consultants Ltd,多福保險顧問有限公司,LAU Hon Kwan,劉漢鈞,"


有效



"
0035,E.W. Blanch Limited,博朗保險顧問有限公司, ,,"


已退會



"
0037,Willis Hong Kong Ltd,韋萊香港有限公司,HODGKINSON Edward Thomas,,"


有效



"
0039,KSY Speciality Ltd,鷹暉保險顧問有限公司,KOON WOO Kam Oi Agnes,管胡金愛,"


有效



"
0032,Sime Darby Insurance Brokers (Hong Kong) Limited,森那美保險顧問(香港)有限公司,LEUNG Yun Ching,梁潤清,"


有效



"
0034,Sun Hung Kai Insurance Consultants Ltd,新鴻基保險顧問有限公司,CHAN Yuen Bik Juliana,陳婉碧,"


有效



"
0036,Zurich Consultants (Hong Kong) Limited,蘇黎世顧問(香港)有限公司, ,,"


已退會



"
0038,Howden Insurance Brokers (HK) Limited,豪敦保險顧問有限公司,JOHNSON Mark Norman Reginald,,"


有效



"
0040,Sun Hing Insurance Brokers Ltd,新興保險顧問有限公司,FAN Siu Ki Pierre,范少基,"


有效



"
0398,Loyal Insurance Management Limited,樂信保險顧問有限公司, ,,"


已退會



"
0400,Risk Exchange Limited,, ,,"


已退會



"
0402,Puru Saxena Limited,, ,,"


已退會



"
0404,Ulrich Financial Planning Ltd,億豐財務策劃有限公司,TAM Chi Kit,譚志傑,"


有效



"
0406,Intercorp Insurance Brokers Limited,萬浩保險顧問有限公司,LING Sik Chiu Samson,凌錫昭,"


被撤銷



"
0399,Heng Yep International Wealth Management Limited,皕~國際財富管理有限公司,SO Kit Man,蘇潔雯,"


有效



"
0401,L & P International Wealth Management Limited,德匯環球理財有限公司,LEUNG Pui,梁佩,"


有效



"
0403,C.E. Securities and Asset Management Limited,,CHAN Chun Mun,陳俊敏,"


有效



"
0405,TFC Brokerage Limited,貿易融資保險顧問有限公司, ,,"


已退會



"
0407,FP Reinsurance Brokers Limited,,TANG Siu Hon,鄧兆漢,"


有效



"
0418,Bowring Marsh (Hong Kong) Limited,,YU Lei,于蕾,"


有效



"
0420,BOCI Private Wealth Management Limited,中銀國際私人財富管理有限公司,LEE Bing Kuen Eric,李秉權,"


有效



"
0422,Allied Way Financial Consultants Limited,群致理財顧問有限公司, ,,"


已退會



"
0424,Intermediary Platform Co Limited,中介平台服務有限公司,TSE Danny Lai Kin,謝禮健,"


有效



"
0426,Acuma Hong Kong Limited,,EVERITT Mark George,,"


有效



"
0419,Best Managed Wealth Limited,高富財富管理有限公司,TSE Danny Lai Kin,謝禮健,"


有效



"
0421,Helen Insurance Brokers Limited,海寧保險經紀有限公司,MIAO Xianglu,苗湘魯,"


有效



"
0423,Atlas International (Asia) Limited,,HUTCHINGS Christopher Henry,,"


有效



"
0425,Prosperous Financial Services Limited,富匯理財有限公司, ,,"


被撤銷



"
0427,"International Planning Group Insurance Brokers, Ltd.",,CHENG Tze Man Benjamin,鄭子文,"


有效



"
0438,Australia and New Zealand Banking Group Ltd,, ,,"


已退會



"
0440,Asia Risk Services Limited,,LAU Chi Wai,劉志偉,"


有效



"
0442,The Protection Company Hong Kong Limited,,PALLETT Todd Barry,,"


有效



"
0444,The Fry Group (H.K.) Limited,,SUTTON James Peter,,"


有效



"
0446,Huatai Financial Holdings (Hong Kong) Limited,華泰金融控股(香港)有限公司, ,,"


已退會



"
0439,Genuine Oriental Wealth Management Limited,智億東方財富管理有限公司,FONG Wai Yan,方偉仁,"


有效



"
0441,Empower Holdings Limited,, ,,"


已退會



"
0443,UPS Capital Insurance Brokers Limited,,CHAN Shan Shan,陳珊珊,"


有效



"
0445,Integrity Independent Risk & Financial Solutions Company Limited,誠豐風險及理財方案有限公司, ,,"


已退會



"
0447,DG Financial Consulting Limited,都盟理財有限公司, ,,"


已退會



"
0448,Standard Perpetual Asset Management Limited,標準盛豐資產管理有限公司, ,,"


有效



"
0450,Rich Union Financial Advisory Limited,瑞邦財務顧問有限公司, ,,"


已退會



"
0452,PrinCorp Wealth Advisors (Asia) Limited,信悅理財顧問(亞洲)有限公司, ,,"


已退會



"
0454,Swiss Insurance Partners (Hong Kong) Limited,,MENARD Marc-noel,,"


有效



"
0456,Berry Palmer & Lyle Limited,,HO Suk Han,何淑嫻,"


有效



"
0449,Elite Capital Solutions (HK) Limited,, ,,"


被撤銷



"
0451,Noble Apex Wealth Limited,御峰創富有限公司,LEE Koon Shing,李觀勝,"


有效



"
0453,SAL Insurance Brokers Limited,正浩亞洲有限公司,TSANG Hon Keung,曾漢強,"


有效



"
0455,Expat Marine Limited,,MCTAVISH Peter Alexander,,"


有效



"
0457,Indigo Global Limited,,SHAW David Simon,,"


有效



"
0458,Beijing Wealth Management Limited,北京財富管理有限公司,LEE Hoi Yan,李凱欣,"


有效



"
0460,Ricacorp Financial Consultants Limited,利嘉閣理財顧問有限公司, ,,"


已退會



"
0462,Infinity Financial Solutions Limited,,DAVIES Simon Huw,,"


有效



"
0464,Holborn Limited,,CONLIN Jason William Shaw,,"


有效



"
0466,AGlobal CRS Limited,, ,,"


已退會



"
0459,Marco Mac Wealth Management Limited,臻略財富管理有限公司, ,,"


有效



"
0461,Gemini Insurance Brokers (HK) Limited,智文保險服務(香港)有限公司,WEINERT-APLIN Tony,,"


有效



"
0463,International Financial Services Hong Kong Limited,,BOLUS James Rupert,,"


有效



"
0465,Sino Insurance Brokers Limited,賽諾保險經紀有限公司,MAN Benjamin Sheung-sze,文尚時,"


有效



"
0467,Administration Services Limited,,HUTCHINGS Christopher Henry,,"


有效



"
0468,UC Wealth Insurance Management Limited,優思理財保險顧問有限公司,LAM Man Ting,林蔓庭,"


有效



"
0470,T&Z Insurance Consultants (Hong Kong) Limited,天澤保險顧問(香港)有限公司,TSE Sang San,謝生新,"


有效



"
0472,Palladian Financial Planning Limited,, ,,"


已退會


(受限制)



"
0474,One Integrity Advisory Services Limited,英達爾顧問有限公司, ,,"


已退會



"
0476,KLN Insurance Consultants Limited,嘉安保險顧問有限公司,SHUM Man Kiu Peters,岑文駒,"


有效



"
0469,Guardian Life Management Ltd,, ,,"


被撤銷



"
0471,Pyrmont Wealth Management Limited,本盟財富管理有限公司,SOO Donald Hintin,,"


有效



"
0473,Taylor Brunswick Group Limited,,SMITH Nicholas Edward John,,"


有效



"
0475,MCM Wealth Management (Hong Kong) Limited,萬德財富管理(香港)有限公司,CHEUNG Pui Yee Denise,張佩儀,"


有效



"
0477,Forth Capital (HK) Limited,,BROWN James Arnold Graham,,"


有效



"
0488,Super Rich Worldwide Financial (HK) Limited,富泰國際金融(香港)有限公司,SO Stephen,蘇樹釗,"


有效



"
0490,J. Safra Sarasin Insurance Brokerage (Asia) Limited,瑞士嘉盛保險顧問(亞洲)有限公司,LUI Suen Wah Gary,呂舜華,"


有效



"
0492,Anderson Wealth Management Consultant Limited,德龍資產管理顧問有限公司,YEUNG Yuk Lan,楊玉蘭,"


有效



"
0494,LATITUDE BROKERS LIMITED,,BROOKER Andrew Mark,,"


有效



"
0496,DOXA WEALTH PLANNING LIMITED,榮美財富規劃有限公司,AU YEUNG Man Wai,歐陽旻蔚,"


有效



"
0489,Hong Kong Wisefund Wealth Management Limited,億方財富管理有限公司,KUK Wing Ching,曲榮正,"


有效



"
0491,NOAH INSURANCE (HONG KONG) LIMITED,諾亞保險(香港)有限公司,KWONG Jason Tsz Huen,鄺梓晅,"


有效



"
0493,Convoy Financial Solutions Limited,康宏理財策劃有限公司,LAM Siu Chung Kenneth,林少聰,"


有效



"
0495,China Hong Kong Wealth Management Limited,中港資產管理有限公司,LI Kwan Ho,李君豪,"


有效



"
0497,Just Service HK Ltd,,NEILSON Philip James,,"


有效



"
0041,LSC Insurance Consultants Ltd,國際保險顧問有限公司,WONG Chi Choi,黃賜財,"


有效



"
0043,Shorewell Insurance Brokers Ltd,凱安保險顧問有限公司,YIM Man Leong Francis,嚴文亮,"


有效



"
0045,Insur-Union Insurance Brokers Limited,英保聯保險顧問有限公司, ,,"


已退會



"
0047,Jetop Insurance Brokers Ltd,捷信保險顧問有限公司, ,,"


已退會



"
0049,The Grande Insurance Brokers Ltd,嘉域保險顧問有限公司,LO Yuk Yee Kitty,勞玉儀,"


已退會



"
0042,Charter-Union Insurance Brokers Ltd,會聯保險顧問有限公司,LEUNG Kin Hing,梁健興,"


有效



"
0044,Expat Services Ltd,,MCTAVISH Peter Alexander,,"


有效



"
0046,Longuard Insurance Consultants Ltd,安富保險顧問有限公司,YUEN Pui Kong,袁沛江,"


有效



"
0048,Lockton Wealth Management (Hong Kong) Limited,諾德財富管理(香港)有限公司, ,,"


已退會



"
0050,Bureau of Insurance Services Limited,高信理財保險顧問有限公司,CHAN Mei Fung Rosanna,陳美鳳,"


有效



"
0508,Chatswood Insurance Brokers Ltd,卓士活顧問有限公司,YEN Peter Pak Van,嚴伯範,"


有效



"
0510,Quartermain Limited,,COTTINGHAM Graham Michael,,"


有效



"
0512,HENNER HONG KONG LIMITED,, ,,"


已退會



"
0514,Intellect Principle Limited,智師道有限公司,WONG Elvin Yiu-wai,王耀威,"


有效



"
0516,CMA CGM INSURANCE (ASIA) LIMITED,,ZHAO Yibin,趙亦斌,"


有效



"
0509,TigerRisk China Partners Limited,,FUNG Lik Yeung Michael,馮力揚,"


有效



"
0511,WISDOM GLOBAL CONCEPT LIMITED,智宇環球有限公司,TSANG Man Kin,曾文健,"


有效



"
0513,Yotei Advisors (HK) Limited,,PULINX Nicolas Emile Jean-pierre,,"


有效



"
0515,YLC Insurance Consultants Limited,,CHEUNG Kwok Wai,張國威,"


有效



"
0517,CCB (Asia) Insurance Broker Limited,建行亞洲保險經紀有限公司,LAM Ho Yin,林浩然,"


有效



"
0518,Gain Miles Financial Planning Consultants Limited,駿隆財務策劃顧問有限公司,SIU Mei Fung,蕭美鳳,"


有效



"
0520,Risk Capital Advisors (Asia) Limited,, ,,"


有效



"
0522,Supreme Wealth Management Limited,至高財富管理有限公司,WOO Ching Yee,胡靜兒,"


有效



"
0524,Pearl River Capital Limited,,JEFFREYS Paul Allan,,"


有效



"
0526,Kaiser Wealth Management Limited,嘉信財富管理有限公司, ,,"


有效



"
0519,Universal Alliance Group Limited,博聯財富集團有限公司,LUK Ching Chung,陸清松,"


有效



"
0521,Trusted Union Limited,,MORARJEE Roland Mark Liam,,"


有效



"
0523,Z Distance Management Limited,思距管理有限公司,WU Shan Shan Ivy,吳姍姍,"


有效



"
0525,"ACF International Insurance Broker Co., Limited",源泉國際保險經紀有限公司,LAU Ming Wai,劉明慧,"


有效



"
0527,HONG KONG SKY INSURANCE BROKERS LIMITED,香港天航保險經紀有限公司,CHOW Sandy Li Chen,周麗珍,"


有效



"
0528,AMTD Risk Consulting Limited,,KU Shun Kit,辜信傑,"


有效



"
0530,Mango Insurance Brokers Limited,萬行保險經紀有限公司, ,,"


有效



"
0532,Sino Reinsurance Brokers Limited,賽諾再保險經紀有限公司,MAN Benjamin Sheung-sze,文尚時,"


有效



"
0534,Continental Insurance Brokers HK Limited,五洲保險經紀(香港)有限公司,FU Qian,付騫,"


有效



"
0536,Sandcastle Management Limited,堡盈管理有限公司,LAM Siu Yin,林少燕,"


有效



"
0529,Golden Horse Insurance Brokers Ltd,金馬保險顧問有限公司,SZE-TO Yuk Ling Carol,司徒玉玲,"


有效



"
0531,Tabby Insurance Brokers Limited,臻達保險顧問有限公司,NG Kwan Tai Kingsley,吳坤泰,"


有效



"
0533,ProSolution Insurance Consultants Limited,專匯保險顧問有限公司,CHAN Chi Wai Nelson,陳志偉,"


有效



"
0535,King International Wealth Management Limited,天王國際財富管理有限公司,TSE Yat Kei,謝日基,"


有效



"
0537,East Star Insurance Brokers Limited,,YAN Shuk Ching Vanessa,甄淑貞,"


有效



"
0538,Kangda Insurance Consultant Limited,康達保險顧問有限公司, ,,"


有效



"
0540,Absolute Consulting Financial Limited,,COUCH Gordon,,"


有效



"
0542,BMP Wealth Limited,,CLARK-BURTON Howard,,"


有效



"
0544,Longrun Wealth Management Limited,朗潤財富管理有限公司,KO Wing Shun,高永信,"


有效



"
0546,1291 Group Asia Limited,,HAENI Yannick Manfred,,"


有效



"
0539,Alpha Grand Consulting Group Ltd,一峰國際咨詢有限公司,NG Hoi Shan Anita,吳海珊,"


有效



"
0541,Global Risk Services Limited,弘華保險顧問有限公司,YU Fook Tong,余福棠,"


有效



"
0543,AD Insurance Brokers (Hong Kong) Limited,豐達保險顧問(香港)有限公司,LEUNG Chung Nin,梁松年,"


有效



"
0545,FSG Insurance Services Limited,先豐保險服務有限公司,SU Bin,蘇彬,"


有效



"
0547,Ever Rich International Wealth Management Limited,永富國際創富理財有限公司,POON Kwok Tung Alex,潘國東,"


有效



"
0061,Hanson Insurance Brokers Ltd,瓻H保險經紀有限公司,WONG Lai Fook Joyce,黃麗福,"


已退會



"
0063,L & C Insurance Consultant Ltd,信邦保險顧問有限公司,LUK Yiu Chung Raymond,陸姚忠,"


有效



"
0066,Winson Insurance Consultants Ltd,永信保險顧問有限公司, ,,"


有效



"
0068,Serwell Consultants Limited,迅威顧問有限公司, ,,"


已退會



"
0070,Cathay Insurance Services Ltd,國泰保險業務有限公司,CHUNG Kam Shing,鍾錦成,"


有效



"
0062,Apex Insurance Brokers Limited,恆昌保險顧問有限公司, ,,"


已退會



"
0064,Cosmos Services Company Limited,高誠保險經紀人有限公司,NOZAKI Shinji,野崎慎二,"


有效



"
0067,Citipoint International Ltd,勝邦國際有限公司,PUN Yee Mei,潘綺媚,"


有效



"
0069,HCNH Insurance Brokers Ltd,合信保險及再保險顧問有限公司,TANG Yi Wah Teresa,鄧綺華,"


有效



"
0071,International Broking Services (H.K.) Ltd,國際保險服務(香港)有限公司,KWONG Tat Roy,鄺達,"


有效



"
0072,Reliable Resources Ltd,忠信保險顧問, ,,"


被撤銷



"
0074,VIG International Limited,,TOLANI Asha Ramkrashin,,"


有效



"
0076,Lombard International Brokers Limited,,SHEN Kuo Wei,沈國偉,"


有效



"
0078,HCG Insurance Services Ltd,HCG 保險服務有限公司, ,,"


已退會



"
0080,Wah Fung Insurance Consultants Limited,華峰保險顧問有限公司, ,,"


已退會



"
0073,Shield Financial Services Limited,, ,,"


已退會



"
0075,Trans-Pacific Insurance Brokers Ltd,,LAM Ping Chun,林平春,"


有效



"
0077,Alexander Lippo (Hong Kong) Limited,歷山力寶保險顧問香港有限公司, ,,"


已退會



"
0079,Cheerson Insurance Brokers Ltd,致信保險顧問有限公司,CHAN Chun Sing Kritz,陳俊聲,"


有效



"
0081,Mercer (Hong Kong) Limited,美世(香港)有限公司,WONG Yuk Lun,王玉麟,"


有效



"
